1,Satoshi Nakamoto,satoshi@hokkaidobank.jp,08012345678,Tokyo
2,Haruki Murakami,haruki@hokkaidobank.jp,08023456789,Kyoto
3,Yuki Tanaka,yuki@hokkaidobank.jp,08034567890,Osaka
4,Kenji Yamamoto,kenji@hokkaidobank.jp,08045678901,Sapporo
5,Emi Suzuki,emi@hokkaidobank.jp,08056789012,Fukuoka
6,Takashi Ito,takashi@hokkaidobank.jp,08067890123,Nagoya
7,Aiko Kobayashi,aiko@hokkaidobank.jp,08078901234,Kobe
8,Ryo Matsumoto,ryo@hokkaidobank.jp,08089012345,Sendai
9,Hana Shimizu,hana@hokkaidobank.jp,08090123456,Yokohama
10,Toru Hashimoto,toru@hokkaidobank.jp,08001234567,Hiroshima
11,Mika Fujimoto,mika@hokkaidobank.jp,08011111111,Nagasaki
12,Ren Saito,ren@hokkaidobank.jp,08022222222,Kagoshima
13,Noa Kuroda,noa@hokkaidobank.jp,08033333333,Okayama
14,Shin Ogawa,shin@hokkaidobank.jp,08044444444,Kumamoto
15,Yui Nishimura,yui@hokkaidobank.jp,08055555555,Nara
16,Kenta Arai,kenta@hokkaidobank.jp,08066666666,Matsuyama
17,Aya Ishikawa,aya@hokkaidobank.jp,08077777777,Hakodate
18,Daichi Endo,daichi@hokkaidobank.jp,08088888888,Oita
19,Rina Hoshino,rina@hokkaidobank.jp,08099999999,Gifu
20,Takuya Nishida,takuya@hokkaidobank.jp,08011223344,Shizuoka
21,Mei Ueda,mei@hokkaidobank.jp,08022334455,Akita
22,Sho Kimura,sho@hokkaidobank.jp,08033445566,Fukushima
23,Nana Hayashi,nana@hokkaidobank.jp,08044556677,Aomori
24,Hiro Tanabe,hiro@hokkaidobank.jp,08055667788,Toyama
25,Moe Takahashi,moe@hokkaidobank.jp,08066778899,Kochi
